Country,Year,Accomodation,F&B,Passenger transport,Travel agencies,Others,Total
Albania,2010,11.9,0,5.9,4.2,0,22
Albania,2011,13.3,0,5.1,4.3,0,22.7
Albania,2012,14.7,0,5.9,0.8,0,21.4
Albania,2013,18,0,6.4,0.9,0,25.3
Albania,2014,19.4,0,6.2,1.1,0,26.7
Albania,2015,21.8,0,6.2,1,0,29
Albania,2016,30,0,7.7,1.5,0,39.2
Albania,2017,33.4,0,8.3,1.9,0,43.6
Albania,2018,35.6,0,9.2,1.9,0,46.7
Albania,2019,40.7,0,8.7,2.6,0,52
Albania,2020,32.6,0,8.1,1.7,0,42.4
Angola,2010,72.594,55.927,0,10.346,0,138.867
Angola,2011,72.084,61.292,0,12.188,0,145.564
Angola,2012,78.7,65.719,0,13.535,0,157.954
Angola,2013,84.141,74.844,0,14.493,0,173.478
Angola,2014,88.979,98.476,0,15.311,0,202.766
Angola,2015,92.3,104,0,23,0,219.3
Angola,2016,93,105,0,23,0,221
Angola,2017,94,106,0,23,0,223
Angola,2018,161,169,0,249,0,579
Angola,2019,107.2,55.4,0,52.9,0,215.5
Angola,2020,35.7,18.4,0,10.1,0,64.2
Argentina,2010,96.9,460.7,209.7,0,227.3,994.6
Argentina,2011,90.3,452.7,210.9,0,236,989.9
Argentina,2012,95.5,461.4,217.6,0,228,1002.5
Argentina,2013,82.5,495.1,233,0,251.1,1061.7
Argentina,2014,79.6,475.8,217.7,0,240.8,1013.9
Argentina,2016,89.04982074,485.4625953,204.9866397,29.51837071,437.187069,1246.204495
Argentina,2017,88.99451054,505.3788183,206.8292907,30.4846146,442.1912802,1273.878514
Argentina,2018,88.47708225,518.0782031,195.6876868,31.12765144,437.7868443,1271.157468
Argentina,2019,92.20667702,509.4210731,185.6433491,29.90937259,442.4404337,1259.620906
Australia,2010,73,167.7,55.6,31.1,187.7,515.1
Australia,2011,72.2,173.8,56.4,31.2,192.6,526.2
Australia,2012,77.4,176.1,63.4,39.2,191.6,547.7
Australia,2013,78.5,182.3,61.1,38.2,193.2,553.3
Australia,2014,79.5,165.6,61.9,38,198.4,543.4
Australia,2015,84.2,181.4,62,40.4,207.6,575.6
Australia,2016,83.5,191.3,62.6,38.3,217.4,593.1
Australia,2017,84.4,202.4,64.5,41.9,221.5,614.7
Australia,2018,85.6,212.7,69.1,43.7,240.5,651.6
Australia,2019,83.4,216.1,73.2,45,256.5,674.2
Australia,2020,74.7,205.8,71.1,42.6,242.1,636.3
Australia,2021,62.7,198.4,56,31.3,158.5,506.9
Austria,2010,58.7,87.1,52.8,30.2,24.1,252.9
Austria,2011,58.4,88.3,54.7,30.6,22,254
Austria,2012,61.6,95.3,53.4,31.6,20.1,262
Austria,2013,63.8,99.1,54.1,32.8,20.7,270.5
Austria,2018,130.6,0,34.5,11.5,22.7,199.3
Austria,2019,134.7,0,35.7,11.9,23.4,205.7
Austria,2020,102.5,0,12.1,10.8,12.3,137.7
Azerbaijan,2010,6.021,0,0,1.418,29.4,36.839
Azerbaijan,2011,6.198,0,0,1.541,29.9,37.639
Azerbaijan,2012,7.321,0,0,1.73,29.8,38.851
Azerbaijan,2013,8.259,0,0,1.729,30.8,40.788
Azerbaijan,2014,9,0,0,1.8,31,41.8
Azerbaijan,2015,8.364,0,0,1.586,39.499,49.449
Azerbaijan,2016,9.838,0,0,1.838,31.801,43.477
Azerbaijan,2017,10.015,0,0,1.891,34.931,46.837
Azerbaijan,2018,11,0,0,2.074,40.1,53.174
Azerbaijan,2019,12,0,0,2.2,44.8,59
Azerbaijan,2020,10.7,0,0,1.464,36.8,48.964
Bahrain,2012,11,2,1,2,2,18
Bahrain,2013,13,2,1,2,1,19
Bahrain,2014,14,2,1,3,1,21
Bahrain,2015,15,3,1,3,1,23
Bahrain,2016,15,2,0,2,1,20
Bahrain,2017,12,40,4,4,4,64
Bahrain,2018,15,47,4,4,3,73
Bahrain,2019,14,51,5,2,4,76
Bahrain,2020,8,45,4,2,9,68
Bahrain,2021,10,46,7,2,5,70
Belarus,2010,8,0,0,3.7,0,11.7
Belarus,2011,8.9,0,0,3.6,0,12.5
Belgium,2010,15.737,69.84,39.144,6.721,2.934,134.376
Belize,2010,5.9,0,0,0,0,5.9
Belize,2011,5.9,0,0,0,0,5.9
Belize,2012,6.5,0,0.6,0.8,7.6,15.5
Belize,2013,7.3,0,1,0.8,9.8,18.9
Belize,2014,12.5,0,1.8,2.6,2.3,19.2
Belize,2015,8.792,5.115,1.819,1.5,2.39,19.616
Belize,2016,9.414,5.655,1.827,1.901,2.073,20.87
Belize,2017,9.859,6.27,1.845,2.085,2.031,22.09
Belize,2018,9.946,6.901,1.867,2.221,2.088,23.023
Belize,2019,9.947,7.24,1.853,2.428,2.077,23.545
Belize,2020,7.885,5.266,1.038,2.045,0.942,17.176
Belize,2021,7.9,5,0.1,1.7,1,15.7
Bosnia And Herzegovina,2011,5.3,15.3,0,7,0,27.6
Bosnia And Herzegovina,2012,5.3,14.3,0,7,0,26.6
Bosnia And Herzegovina,2013,5.3,15.8,0,0.7,0,21.8
Bosnia And Herzegovina,2014,5.4,18.1,0,0.7,0,24.2
Bosnia And Herzegovina,2015,5.3,18.6,0,0.7,0,24.6
Bosnia And Herzegovina,2016,5.9,29.2,0,0.8,0,35.9
Bosnia And Herzegovina,2017,6.9,31.5,0,1,0,39.4
Bosnia And Herzegovina,2018,7.4,32.9,0,1.1,0,41.4
Bosnia And Herzegovina,2019,7.8,34.1,0,1.2,0,43.1
Bosnia And Herzegovina,2020,6.5,32.1,0,1,0,39.6
Bosnia And Herzegovina,2021,6.241,31.798,0,0.842,0,38.881
Brazil,2010,288.9,1086.4,449.3,96,74.8,1995.4
Brazil,2011,298.1,1111,470.2,102.6,70.7,2052.6
Brazil,2012,301.9,1119,468.9,102,67.9,2059.7
Brazil,2013,318.8,1009.7,443.4,98.3,68.7,1938.9
Brazil,2014,340.2,1085.9,447.3,96.3,75.4,2045.1
Brazil,2015,340.4,1132.5,433.7,90.6,77.7,2074.9
Brazil,2016,318.5,1201,436.8,91.3,81.9,2129.5
Brazil,2017,312.628,1216.988,423.108,91.37,83.947,2128.041
Brazil,2018,316.682,1267.526,414.175,94.771,89.788,2182.942
Brazil,2019,318.6,1275.2,420.9,92.9,84.6,2192.2
Brunei Darussalam,2013,1.9,0,0,0.6,0,2.5
Brunei Darussalam,2014,2,0,0,0.7,0,2.7
Brunei Darussalam,2015,2.1,0,0,0.7,0,2.8
Brunei Darussalam,2016,2.2,0,0,0.7,0,2.9
Brunei Darussalam,2017,2.2,0,0,0.8,0,3
Brunei Darussalam,2018,2.2,0,0,0.8,0,3
Brunei Darussalam,2019,2.3,0,0,0.9,0,3.2
Brunei Darussalam,2020,2.2,0,0,0.9,0,3.1
Cameroon,2010,7.8,16,0,1.5,0,25.3
Cameroon,2011,8.2,16,0,1.6,0,25.8
Cameroon,2012,8.5,17,0,1.7,0,27.2
Chile,2010,28.4,99.1,43.9,5.7,83.9,261
Chile,2011,31,102.6,47.5,5.8,92.5,279.4
Chile,2012,44.4,122.1,65.7,7.6,133.8,373.6
Chile,2013,43.8,128.1,65.9,7.6,136.1,381.5
Chile,2014,43,127.8,65.5,8.1,138.8,383.2
Chile,2015,45,135.2,64,8.4,142.9,395.5
Chile,2016,44.9,146.2,65.5,9,154.3,419.9
Chile,2017,44.5,150.4,68,9.5,164.2,436.6
Chile,2018,52.6,220.3,69.9,9.6,152,504.4
Chile,2019,49.9,257.9,81.5,10.1,140.9,540.3
Chile,2020,33.7,178,66,6.1,110.6,394.4
Comoros,2019,1,0.5,0,0.5,0,2
Comoros,2020,0.2,0.5,0,0.3,0,1
Comoros,2021,0.6,0.7,0,0.4,0,1.7
Congo,2013,6.504,15.34,0,0.3,0,22.144
Congo,2014,8.6,16.3,0,0.4,0,25.3
Congo,2015,9.4,16.9,0,0.4,0,26.7
Congo,2016,8.9,17.2,0,0.5,0,26.6
Congo,2017,6.7,3.6,0,0.3,0,10.6
Congo,2018,4.4,2.8,0,0.3,0,7.5
Costa Rica,2013,25.8,89.3,3.1,6.5,25.8,150.5
Costa Rica,2014,26.4,87.4,2.9,7.9,23.3,147.9
Costa Rica,2015,30.1,92.7,4.9,6.3,22.6,156.6
Costa Rica,2016,30.1,89.7,7.2,5.2,20.2,152.4
Costa Rica,2017,28.7,98.8,4.1,5.9,17.8,155.3
Costa Rica,2018,27.6,99.4,8.4,6.2,19.4,161
Costa Rica,2019,31.7,103.1,7,5,24.1,170.9
Costa Rica,2020,17.9,89.4,9.8,3,7.4,127.5
Costa Rica,2021,24.293,100.963,13.496,0,11.732,150.484
Cote D´Ivoire,2015,0,0,0,2.39,0,2.39
Cote D´Ivoire,2016,47.68,60.8,0,4.512,0,112.992
Cote D´Ivoire,2017,50.6,64.4,0,5.7,0.4,121.1
Cote D´Ivoire,2018,50.6,64.4,0,5.7,0.4,121.1
Cote D´Ivoire,2019,53.6,67.6,0,7.2,0.4,128.8
Croatia,2010,29.6,16.7,0,5.1,0,51.4
Croatia,2011,30.3,17.2,0,5.2,0,52.7
Croatia,2012,31,18.5,0,5.4,0,54.9
Croatia,2013,30.9,19.8,0,5.2,0,55.9
Croatia,2014,32.2,24.5,0,5.8,0,62.5
Croatia,2015,31.5,23.9,0,5.9,0,61.3
Croatia,2016,35.7,32.2,0,5.5,0,73.4
Croatia,2017,38.8,35.1,0,5.6,0,79.5
Croatia,2018,41.8,38.7,0,6.1,0,86.6
Croatia,2019,44.3,41,0,6.3,0,91.6
Croatia,2020,35.1,38.2,0,5.2,0,78.5
Croatia,2021,36.2,39.5,0,4.5,0,80.2
Cyprus,2010,16.132,20.786,0,2.013,0,38.931
Cyprus,2011,16.819,19.43,0,2.054,0,38.303
Cyprus,2012,16.8,18.5,0,1.9,0,37.2
Cyprus,2013,16.3,16.9,0,1.5,0,34.7
Cyprus,2014,17,18.9,0,1.5,0,37.4
Cyprus,2015,17.1,20.2,0,1.6,0,38.9
Cyprus,2016,18.5,22,0,1.8,0,42.3
Cyprus,2017,19.9,23.9,0,1.8,0,45.6
Czech Republic (Czechia),2010,38.23934,71.12101391,34.03782541,14.875,77.29558444,235.5687638
Czech Republic (Czechia),2011,41.9,69.7,28.8,12.1,80.1,232.6
Czech Republic (Czechia),2012,39.9,69.8,27.5,12.2,80.2,229.6
Czech Republic (Czechia),2013,39.6,69.10348478,27.3,12.9,79.8184754,228.7219602
Czech Republic (Czechia),2014,39.04153,65.65777828,27.2,12.341,80.76278157,225.0030899
Czech Republic (Czechia),2015,41,66.2,27.3,12.853,81.8,229.153
Czech Republic (Czechia),2016,41.9,67.9,27.2,13,83.3,233.3
Czech Republic (Czechia),2017,42.2,71.3,27.2,13.7,84.4,238.8
Czech Republic (Czechia),2018,42.7,71.43,27.51,13.997,84.95,240.587
Czech Republic (Czechia),2019,42.2,69.7,27.3,15.1,85.3,239.6
Czech Republic (Czechia),2020,43.13,68.69,27.58,14.04,85.34,238.78
Denmark,2010,14.1,77.5,44.3,5.2,0,141.1
Denmark,2011,14,83.5,42.2,5.2,0,144.9
Denmark,2012,14.5,88.7,43.9,5.3,0,152.4
Denmark,2013,14.7,91.4,41.4,5.3,0,152.8
Denmark,2014,16.073,100.314,42.963,5.603,0,164.953
Denmark,2015,16.683,106.761,43.756,5.621,0,172.821
Denmark,2016,16.92,113.735,43.986,5.91,0,180.551
Denmark,2017,17.48,117.758,44.097,6.207,0,185.542
Denmark,2018,17.729,120.394,45.134,6.125,0,189.382
Denmark,2019,18.3,123.5,45.1,6.3,0,193.2
Denmark,2020,13.1,105.4,38.6,4,0,161.1
Dominican Republic,2010,55.8,0,0,0,139.6,195.4
Dominican Republic,2011,55.7,0,0,0,139.1,194.8
Dominican Republic,2012,57.5,0,0,0,143.7,201.2
Dominican Republic,2013,61.8,0,0,0,154.7,216.5
Dominican Republic,2014,62.2,0,0,0,157.7,219.9
Dominican Republic,2015,71.7,0,0,0,182.5,254.2
Dominican Republic,2016,88.7,0,0,0,226.4,315.1
Dominican Republic,2017,90.1,0,0,0,233.4,323.5
Dominican Republic,2018,94.7,0,0,0,241.8,336.5
Dominican Republic,2019,100.716,0,0,0,257.649,358.365
Dominican Republic,2020,40,0,0,0,101.7,141.7
Ecuador,2010,26.1,54.6,2.8,6.4,2.9,92.8
Ecuador,2011,28.1,61.6,2.7,7.6,2.4,102.4
Ecuador,2012,29.6,65.1,2.7,7.8,1.1,106.3
Ecuador,2013,31.9,69.8,3,8.2,1.2,114.1
Ecuador,2014,33.5,75.6,2.9,8.7,1.4,122.1
Ecuador,2015,35.5,85.4,3,9.5,1.6,135
Ecuador,2016,33.1,88.2,3.2,8.7,3,136.2
Ecuador,2017,27.9,88.6,3,8.4,4.2,132.1
Ecuador,2018,28.4,89.8,3.2,9,4.1,134.5
Ecuador,2019,28.3,88.9,3.3,9.7,4.3,134.5
Egypt,2010,162.8,365.9,928.4,88.4,83.9,1629.4
Egypt,2011,137.7,326.4,1017.6,84.4,79.4,1645.5
Egypt,2012,153,366,1028.8,70.1,74.9,1692.8
Egypt,2013,133.4,382.4,1022.7,58.2,78.6,1675.3
Egypt,2014,128,408,1069,48,71,1724
Egypt,2015,153,488,1180,63,73,1957
El Salvador,2010,5,16.9,7.7,0,11.3,40.9
El Salvador,2011,5.5,17.3,7.7,0,12.2,42.7
El Salvador,2012,4.6,19,8.3,0,12.7,44.6
El Salvador,2013,4.6,19.8,13.5,0,7.7,45.6
El Salvador,2014,4.7,20.8,13.7,0,9.2,48.4
El Salvador,2015,5.4,21.5,13.6,0,8.2,48.7
El Salvador,2016,5.9,23.4,13.7,0,7,50
El Salvador,2017,5.9,25.1,12.2,0,9.1,52.3
El Salvador,2018,5.6,26.8,10.8,0,11.8,55
El Salvador,2019,5.7,28.1,11.1,0,12.2,57.1
El Salvador,2020,4.7,26.1,10.3,0,11.1,52.2
El Salvador,2021,4.6,28.9,10.5,0,11.9,55.9
Estonia,2010,5.3,12.4,0,1.4,0,19.1
Estonia,2011,5.8,12.9,0,1.5,0,20.2
Estonia,2012,5.8,13.7,0,1.5,0,21
Estonia,2013,5.9,14.4,0,1.6,0,21.9
Estonia,2014,6.2,15.9,0,1.5,0,23.6
Estonia,2015,6.8,16.8,0,1.6,0,25.2
Estonia,2016,7.2,17.6,0,1.6,0,26.4
Estonia,2017,7.3,19.1,0,1.8,0,28.2
Estonia,2018,7.1,17.9,0,1.8,0,26.8
Estonia,2019,7,19.5,0,1.9,0,28.4
Estonia,2020,5.6,16.8,0,1.6,0,24
Eswatini,2010,2.49,3.397,6.866,0.278,1.332,14.363
Finland,2011,14.5,61.6,33.9,2.2,18.2,130.4
Finland,2012,14.8,63.5,37.7,2,18.5,136.5
Finland,2013,14.5,63.8,37.5,2,18.9,136.7
Finland,2014,14.6,65.7,37.8,2.1,19,139.2
Finland,2015,15,66.4,35.1,2.2,18.7,137.4
Finland,2016,14.9,67.6,35.5,2.7,18.8,139.5
Finland,2017,15.1,69.3,32.7,2.8,19,138.9
Finland,2018,16,72.6,37.6,2.8,18.7,147.7
Finland,2019,16.3,77.3,38,2.9,19.6,154.1
Finland,2020,12.3,65.1,31.1,2.4,17.8,128.7
France,2010,174.8,570,281.2,47.9,118,1191.9
France,2011,176.4,588.6,275.4,47.8,116.7,1204.9
France,2012,172.982,602.692,276.76,47.247,111.015,1210.696
France,2013,170.231,603.085,274.68,46.635,111.075,1205.706
France,2014,171.813,610.663,273.557,45.749,112.26,1214.042
France,2015,171.774,627.177,271.6483079,45.471,113.503,1229.573308
France,2016,172.274,656.105,270.4766684,44.903,116.613,1260.371668
France,2017,173.4,691.8,271.7,45.2,123.2,1305.3
France,2018,176,710.3,274.7,45.5,121.1,1327.6
French Polynesia,2010,4.178,2.057,3.38,0.264,0.26,10.139
French Polynesia,2011,4.124,1.967,3.32,0.243,0.255,9.909
French Polynesia,2012,4.072,1.929,3.248,0.244,0.278,9.771
French Polynesia,2013,4.079,1.987,3.205,0.239,0.308,9.818
French Polynesia,2014,4.317,1.94,3.273,0.242,0.326,10.098
French Polynesia,2015,4.453,1.966,3.313,0.2,0.3,10.232
French Polynesia,2016,4.6,2,3.3,0.2,0.3,10.4
French Polynesia,2017,4.9,2.1,3.5,0.2,0.4,11.1
French Polynesia,2018,5,2.2,3.6,0.3,0.4,11.5
French Polynesia,2019,5.2,2.2,3.7,0.3,0.4,11.8
French Polynesia,2020,3.5,2.1,3.6,0.2,0.5,9.9
French Polynesia,2021,4.4,2.4,3.6,0.2,0.4,11
Georgia,2010,5.3,10.8,25.5,3.9,0,45.5
Georgia,2011,6.3,18,24.1,5.2,0,53.6
Georgia,2012,7.944833266,19.91342608,25.68212248,5.641881238,0,59.18226306
Georgia,2013,8.7,19.2,25.9,0,0,53.8
Georgia,2014,9,21.2,13.8,2.4,43.7,90.1
Georgia,2015,11.1,20.5,14,2.6,45.2,93.4
Georgia,2016,13.5,22,14.4,3.2,49.6,102.7
Georgia,2017,16.8,23.8,15.2,3.3,52.2,111.3
Germany,2010,440.154,1196.698,439.75,84.004,0,2160.606
Germany,2011,456.8,1255,442.9,86.5,0,2241.2
Germany,2012,479.4,1236.5,421.7,79.7,0,2217.3
Germany,2013,453.9,1176.8,436.2,87.1,0,2154
Germany,2014,485.8,1306.6,465.9,80.7,0,2339
Germany,2015,489.9,1360.3,479.3,88.2,0,2417.7
Germany,2016,503.4,1444.7,503.8,92.6,0,2544.5
Germany,2017,518.2,1482.2,0,94.4,0,2094.8
Germany,2018,514.6,1517.1,0,96.5,0,2128.2
Germany,2019,486,1493.9,0,96.9,0,2076.8
Germany,2020,363.6,1111.1,0,77.2,0,1551.9
Greece,2010,45.8373175,132.4073275,71.38908,11.4306575,2.511915,263.5762975
Greece,2011,47.730485,123.220895,68.3164625,9.811125,2.114095,251.1930625
Greece,2012,48.4295875,109.3733625,62.28747,9.4214825,1.3408025,230.852705
Greece,2013,43.78949,108.6164875,60.8353675,9.0214175,0.8282125,223.090975
Greece,2014,57.06936,136.1250575,55.5767725,16.4949375,0.594655,265.8607825
Greece,2015,58.020095,153.602805,56.8603775,12.9140625,1.8588675,283.2562075
Greece,2016,57.3563725,164.96842,70.2812075,13.9540425,2.055725,308.6157675
Greece,2017,64.0451325,165.2850925,68.2382525,13.9851225,2.25345,313.80705
Greece,2018,73.5,172,59.9,9.9,3.3,318.6
Greece,2019,73.57694,196.7963875,59.072845,12.009965,4.3676875,345.823825
Greece,2020,47.47,179.74,67.9,13.01,2.63,310.75
Greece,2021,65.04950237,168.5932186,69.44582613,13.39084571,2.141973349,318.6213662
Grenada,2015,3.55,0,0,0,0,3.55
Grenada,2016,3.55,0,0,0,0,3.55
Grenada,2017,3.6,0,0,0,0,3.6
Grenada,2018,3.9,0,0,0,0,3.9
Grenada,2019,4.1,0,0,0,0,4.1
Grenada,2020,2.8,0,0,0,0,2.8
Honduras,2010,10.4,108.8,61.2,0.9,14.1,195.4
Honduras,2011,11.5,104.3,53.1,0.8,13.9,183.6
Honduras,2012,9.7,98.2,57.7,1.5,12.4,179.5
Honduras,2013,9.3,120.8,61.3,1.3,15.7,208.4
Honduras,2014,12,122.8,59.7,1.1,14.8,210.4
Honduras,2015,10.996,150.973,65.637,0.931,17.643,246.18
Honduras,2016,15,153.8,58.9,2.2,18.1,248
Honduras,2017,15.9,166.3,69.8,1.9,9.9,263.8
Honduras,2018,10.5,200.1,76.1,1,19.5,307.2
Honduras,2019,11.669,174.681,70.562,2.468,15.459,274.839
Honduras,2020,7.178328212,219.6083076,47.0945738,0.23226335,7.914668085,282.028141
Honduras,2021,0,191.4,21.7,0.3,18,231.4
"Hong Kong, China",2010,34.5,37.3,0,19.1,124.2,215.1
"Hong Kong, China",2011,39,42.8,0,19.4,134.7,235.9
"Hong Kong, China",2012,39.4,45.9,0,19.8,145.7,250.8
"Hong Kong, China",2013,39.9,49,0,19.9,161.6,270.4
"Hong Kong, China",2014,40.1,51.7,0,19.7,159.8,271.3
"Hong Kong, China",2015,37.3,52.7,0,20.4,155.5,265.9
"Hong Kong, China",2016,36.6,49.6,0,20.4,153.2,259.8
"Hong Kong, China",2017,37.8,50.9,0,20.3,148,257
"Hong Kong, China",2018,37.1,49.9,0,19.4,150.5,256.9
"Hong Kong, China",2019,34,43.7,0,19,134.3,231
"Hong Kong, China",2020,3.6,3.9,0,17.3,23.8,48.6
Hungary,2010,30.419,104.945,83.101,8.646,61.691,288.802
Hungary,2011,37.49,106.582,82.516,8.563,62.453,297.604
Hungary,2012,39.848,103.194,76.055,6.659,65.776,291.532
Hungary,2013,35.297,98.92,78.875,7.581,58.49,279.163
Hungary,2014,31.531,106.875,87.706,10.792,65.078,301.982
Hungary,2015,35.829,116.79,94.561,8.756,83.721,339.657
Hungary,2016,38.117,123.366,95.836,8.187,83.429,348.935
Hungary,2017,34.533,124.058,100.312,9.216,73.852,341.971
Hungary,2018,39.351,106.528,93.696,7.001,85.258,331.834
Hungary,2019,42.348,99.326,106.132,8.798,86.042,342.646
Hungary,2020,30.646,91.194,95.487,8.653,86.988,312.968
Hungary,2021,28.01,109.912,91.943,4.267,85.426,319.558
Iceland,2010,2.354333333,2.213,5.86525,1.89725,2.3795,14.70933333
Iceland,2011,2.6815,2.521416667,6.153583333,2.068333333,2.417333333,15.84216667
Iceland,2012,3.1805,2.9355,6.5565,2.149583333,2.5245,17.34658333
Iceland,2013,3.6965,3.38925,7.037583333,2.248833333,2.70725,19.07941667
Iceland,2014,4.217166667,3.857583333,7.54275,2.416333333,2.970583333,21.00441667
Iceland,2015,4.984916667,4.572,8.33625,2.572166667,3.260916667,23.72625
Iceland,2016,5.99025,5.53725,9.350166667,3.1245,4.257833333,28.26
Iceland,2017,6.645583333,6.1325,10.02266667,3.76175,5.000583333,31.56308334
Iceland,2018,6.768083333,6.228,9.814583333,5.2445,4.348833333,32.404
Iceland,2019,6.66275,6.147083333,9.268666667,4.399,3.94425,30.42175
Iceland,2020,4.050916667,3.721916667,7.28625,3.13875,3.459416667,21.65725
India,2013,676.131,7579.6,12481.473,1073.487,7502.859,29313.55
India,2014,764.574,7584.257,12897.335,1135.231,7978.062,30359.459
India,2015,1012.572,7613.215,13340.285,1202.193,8345.259,31513.524
India,2016,1240.9,7630.5,13611.3,1272.2,9262.7,33017.6
India,2017,780.875,8107.682,14275.395,984.398,7551.443,31699.793
India,2018,852,8645.295,14380.761,940.729,8260.073,33078.858
India,2019,923.49,9173.388,14672.111,954.7,9101.834,34825.523
Indonesia,2010,149.7,0,0,0,0,149.7
Indonesia,2011,164.1,0,0,0,0,164.1
Indonesia,2012,172.8,0,0,0,0,172.8
Indonesia,2013,183.74,0,0,0,0,183.74
Indonesia,2014,198.5,0,0,0,0,198.5
Indonesia,2015,202.7,0,0,0,0,202.7
Indonesia,2016,209.3,0,0,0,0,209.3
Indonesia,2018,211.4,0,0,0,0,211.4
Indonesia,2019,407.3,209.8,21.4,90.1,2191.2,2919.8
Indonesia,2020,348.3,158.6,15.3,68,1974.3,2564.5
Israel,2010,33,103.7,60.7,0,0,197.4
Israel,2011,34.1,135.5,60.8,0,0,230.4
Israel,2012,33.9,84.4,59.3,14.8,0,192.4
Israel,2013,34.2,90.1,65.9,18.1,0,208.3
Israel,2014,35.2,95.7,65.9,20.2,0,217
Israel,2015,36.9,14.4,16.8,21.3,40.5,129.9
Israel,2016,37.2,15.1,17.4,19.2,41.5,130.4
Israel,2017,40.5,15.4,17.3,22.1,42.5,137.8
Israel,2018,40.6,15.8,18.1,20.3,42.2,137
Israel,2019,42.1,16.2,20.8,19.6,46.8,145.5
Israel,2020,21.1,12.7,18.9,16.7,45,114.4
Israel,2021,26.4,13,14.25,11.5,40.45,105.6
Jamaica,2010,37.018,0,0,0,0,37.018
Jamaica,2011,34.921,0,0,0,0,34.921
Jamaica,2012,35.197,0,0,0,0,35.197
Jamaica,2013,33.938,0,0,0,0,33.938
Jamaica,2014,35.166,0,0,0,0,35.166
Jamaica,2015,39.3,0,0,0,0,39.3
Jamaica,2016,47,0,0,0,0,47
Jamaica,2017,48.439,0,0,0,0,48.439
Jamaica,2018,50.1,0,0,0,0,50.1
Jamaica,2019,51.2,0,0,0,0,51.2
Jamaica,2020,30.7,0,0,0,0,30.7
Jamaica,2021,41.3,0,0,0,0,41.3
Japan,2010,367.9313189,959.7038547,1336.758165,579.2500296,728.2922938,3971.935662
Japan,2011,391.6835196,943.0036141,1326.457703,594.584928,695.6648588,3951.394624
Japan,2012,366.482791,936.5045381,1314.477046,601.2500553,730.3279658,3949.042396
Japan,2013,360,920,1350,630,750,4010
Japan,2014,400,920,1440,630,750,4140
Japan,2015,540,2850,930,630,640,5590
Japan,2016,544.75,2933.25,925.4,642.91,668.11,5714.42
Japan,2017,554.72,2844.2,877,627.44,616.58,5519.94
Japan,2018,596.56,3053.56,859.57,641.85,626.08,5777.62
Japan,2019,617.37,3066.63,887.22,649.08,668.25,5888.55
Jordan,2010,15.083,17.091,0.939,4.528,4.265,41.906
Jordan,2011,15.15,17.638,0.939,4.619,4.457,42.803
Jordan,2012,15.419,18.439,0.94,4.719,4.426,43.943
Jordan,2013,18.4,19.6,1,4.8,4.6,48.4
Jordan,2014,18.644,19.45,1.047,4.9,4.553,48.594
Jordan,2015,19.058,19.508,1.047,4.975,4.508,49.096
Jordan,2016,19.3,20.3,1,5,4.8,50.4
Jordan,2017,20.67,20.195,1.047,4.885,4.473,51.27
Jordan,2018,20.67,20.38,1.047,4.885,4.568,51.55
Jordan,2019,20.918,20.701,2.05,4.793,5.026,53.488
Jordan,2020,16.9,13,2.1,4,5.1,41.1
Jordan,2021,19.9,17.7,2.1,4.2,5.3,49.2
Kazakhstan,2010,48.7,72.4,0,6.1,57.4,184.6
Kazakhstan,2011,47.7,0,0,4.9,61.6,114.2
Kazakhstan,2012,21.5,0,0,5,60.5,87
Kazakhstan,2013,22,0,0,6.6,61.5,90.1
Kazakhstan,2014,25.7,0,0,6.5,65.8,98
Kazakhstan,2015,25.3,0,0,7.3,68.2,100.8
Kazakhstan,2016,26.5,0,0,7.2,70.2,103.9
Kazakhstan,2017,27.6,0,0,7.3,71.8,106.7
Kazakhstan,2018,29.2,0,0,7.4,74.9,111.5
Kazakhstan,2019,30,0,0,7.4,75.4,112.8
Kazakhstan,2020,26.3,0,0,7.8,75.3,109.4
Kazakhstan,2021,27.3,0,0,6,75.7,109
Kiribati,2017,0.462,0,0,0,0,0.462
Kiribati,2019,0.5,0,0,0,0,0.5
"Korea, Republic Of",2011,62.8,39.7,0,59.3,42.8,204.6
"Korea, Republic Of",2012,70.8,41.6,0,70,47.3,229.7
"Korea, Republic Of",2013,63.9,42.2,0,70.6,50.5,227.2
"Korea, Republic Of",2014,67.5,39.5,0,69.4,54,230.4
"Korea, Republic Of",2015,70.3,27.9,0,84.6,52.8,235.6
"Korea, Republic Of",2016,73.6,27.1,0,98.4,62.8,261.9
"Korea, Republic Of",2017,71.8,29,0,107.2,72.3,280.3
"Korea, Republic Of",2018,69.9,32.8,0,99.1,65.8,267.6
"Korea, Republic Of",2019,70.7,35.6,0,103.3,66,275.6
"Korea, Republic Of",2020,49.9,26.4,0,61.8,52.8,190.9
Kyrgyzstan,2010,1.564,0.701,0,1.067,4.006,7.338
Kyrgyzstan,2011,1.644,0.737,0,1.269,4.107,7.757
Kyrgyzstan,2012,1.48,0.852,0,1.21,4.287,7.829
Kyrgyzstan,2013,1.6,0.7,0,1.4,4.1,7.8
Kyrgyzstan,2014,1.7,1.2,0,1.3,0.7,4.9
Kyrgyzstan,2015,1.6,1.1,0,1.5,0.7,4.9
Kyrgyzstan,2016,1.5,1.1,8.2,1.5,0.7,13
Kyrgyzstan,2017,1.2,1.2,11.4,1.6,0.6,16
Kyrgyzstan,2018,1.4,1.1,12,1.6,0.6,16.7
Kyrgyzstan,2019,1.6,1.3,11,1.5,0.7,16.1
Kyrgyzstan,2020,0.8,1.1,4,0.8,0.4,7.1
Kyrgyzstan,2021,1.5,1.2,10.2,1,0.6,14.5
Latvia,2011,3.7,20.8,18.9,2,16.2,61.6
Latvia,2012,2.5,24.9,18,2.7,23,71.1
Latvia,2013,3.2,22.2,18.8,2.6,21.6,68.4
Latvia,2014,4.6,23.6,20.2,2.8,22.6,73.8
Latvia,2015,5,24.8,18.4,2.4,22.6,73.2
Latvia,2016,4.7,24.5,22.1,1.5,25.5,78.3
Latvia,2017,3.7,24.8,17.8,2.8,25,74.1
Latvia,2018,4.5,26.7,16.8,2.5,25.5,76
Latvia,2019,5.4,25.5,13.6,2,27.9,74.4
Latvia,2020,5,23.3,11.3,2.1,25.3,67
Latvia,2021,3,21.2,12,1.9,21.5,59.6
Lebanon,2011,71.7,250,0,4,0,325.7
Lebanon,2012,40.5,0,0,4,0,44.5
Lebanon,2013,35.5,0,0,3,0,38.5
Lebanon,2014,0,0,0,2.5,0,2.5
Lebanon,2015,0,0,0,2,0,2
Lebanon,2016,0,0,0,2,0,2
Lebanon,2017,0,0,0,1.7,0,1.7
Lebanon,2018,0,0,0,1.719,0,1.719
Lebanon,2019,0,0,0,1.55,0,1.55
Lesotho,2010,2.48,0,0,0,0,2.48
Lesotho,2011,2.279,0,0,0,0,2.279
Lesotho,2012,2.678,0,0,0,0,2.678
Lesotho,2014,2.567,0,0,0,0,2.567
Lesotho,2015,2.3,0,0,0,0,2.3
Lesotho,2016,2.1,0,0,0,0,2.1
Lesotho,2017,2.7,0,0,0,0,2.7
Lesotho,2018,2.6,0,0,0,0,2.6
Lesotho,2019,2.6,0,0,0,0,2.6
Liechtenstein,2010,0.3211,0,0,0,0,0.3211
Liechtenstein,2011,0.3088,0,0,0,0,0.3088
Liechtenstein,2012,0.3,0,0,0,0,0.3
Liechtenstein,2013,0.2748,0,0,0,0,0.2748
Liechtenstein,2014,0.3,0,0,0,0,0.3
Liechtenstein,2015,0.3,0,0,0,0,0.3
Liechtenstein,2016,0.3,0,0,0,0,0.3
Liechtenstein,2017,0.3,0,0,0,0,0.3
Liechtenstein,2018,0.3,0,0,0,0,0.3
Liechtenstein,2019,0.3,0,0,0,0,0.3
Liechtenstein,2020,0.3,0,0,0,0,0.3
Liechtenstein,2021,0.3,0,0,0,0,0.3
Lithuania,2010,10.2,12.7,8.8,2.5,6.6,40.8
Lithuania,2011,10.5,12.7,9.3,2.6,5.3,40.4
Lithuania,2012,11,12,9.1,2.8,5.5,40.4
Lithuania,2013,11.3,12.6,9.2,3,6,42.1
Lithuania,2014,11.8,13.1,10.1,3.1,8,46.1
Lithuania,2015,12.4,13.6,10.3,3.3,6.7,46.3
Lithuania,2016,13.1,12.5,11.1,3.3,7.2,47.2
Lithuania,2018,14.2,14.5,10.7,3.4,5.5,48.3
Lithuania,2019,14.3,15.6,10.9,3.5,7.2,51.5
"Macao, China",2010,26.721,22.172,6.4,3.034,43.742,102.069
"Macao, China",2011,33.052,21.219,6.7,3.379,49.101,113.451
"Macao, China",2012,39.5,22,6.9,3.7,53.773,125.873
"Macao, China",2013,39.9,26.1,7,3.9,55.8,132.7
"Macao, China",2014,39.5,30.4,8.1,4.2,57.8,140
"Macao, China",2015,45.3,32.3,7.3,4.5,56.2,145.6
"Macao, China",2016,49.628,32.6,8.3,4.3,55.794,150.622
"Macao, China",2017,49.4,32.7,8.9,4.5,56.6,152.1
"Macao, China",2018,50.8,33.6,9.8,4.5,57.2,155.9
"Macao, China",2019,51.9,34,10.1,4.7,58.2,158.9
"Macao, China",2020,42.7,32.8,8.9,3.7,56.6,144.7
Madagascar,2010,23.845,0,0,5.544,0,29.389
Madagascar,2011,25.412,0,0,5.795,0,31.207
Madagascar,2012,28.325,0,0,6,0,34.325
Madagascar,2013,30.4,0,0,6.3,0,36.7
Madagascar,2014,31.5,0,0,6.5,0,38
Madagascar,2015,32.693,0,0,6.691,0,39.384
Madagascar,2016,33.778,0,0,7.329,0,41.107
Madagascar,2017,36.581,0,0,7.902,0,44.483
Madagascar,2018,37.8,0,0,8.2,0,46
Madagascar,2019,39.1,0,0,8.3,0,47.4
Madagascar,2020,40.4,0,0,0.1,0,40.5
Malaysia,2010,176.2,647.6,143.5,22.8,1104.6,2094.7
Malaysia,2011,176.1,743.4,139.5,33.5,1385.9,2478.4
Malaysia,2012,188.7,746.4,152.9,28,1449.6,2565.6
Malaysia,2013,180.8,831.7,153.5,31.7,1478.3,2676
Malaysia,2014,231.2,900.7,154.6,37.4,1536,2859.9
Malaysia,2015,184.1,912.7,159.2,32.7,1610.1,2898.8
Malaysia,2016,207.4,1002.6,164.5,35.8,1771.5,3181.8
Malaysia,2017,210.5,1087,162.5,40.1,1808.5,3308.6
Malaysia,2018,222.4,1183,171.3,38.7,1855.7,3471.1
Malaysia,2019,233.8,1237.7,177.3,40.7,1872.3,3561.8
Malaysia,2020,208.5,1191.6,165.2,34.1,1858.1,3457.5
Mali,2012,8.554,0,0,0,20.2,28.754
Mali,2013,8.883,0,0,0,22.2,31.083
Mali,2014,10.525,0,0,0,21.1,31.625
Mali,2015,13.271,0,0,0,0,13.271
Martinique,2011,1.647,3.862,1.389,0.228,2.656,9.782
Martinique,2012,1.647,3.862,1.389,0.228,2.656,9.782
Martinique,2013,1.647,3.862,1.389,0.228,2.656,9.782
Martinique,2014,1.647,3.862,1.389,0.228,2.656,9.782
Martinique,2018,1.1,3.304,2.263,0.269,2.766,9.702
Martinique,2019,1.1,3.304,2.263,0.269,2.766,9.702
Martinique,2020,1.1,3.3,2.3,0.3,2.8,9.8
Mauritius,2010,21.27,2.572,0,3.899,0,27.741
Mauritius,2011,21.83,2.678,0,4.1,0,28.608
Mauritius,2012,22.225,3.006,0,3.946,0,29.177
Mauritius,2013,22.397,3.157,0,3.865,0,29.419
Mauritius,2014,22.559,3.266,0,3.806,0,29.631
Mauritius,2015,22.583,3.258,0,3.793,0,29.634
Mauritius,2016,23.639,3.407,0,3.755,0,30.801
Mauritius,2017,24.183,3.238,0,3.664,0,31.085
Mauritius,2018,24.412,3.351,0,3.604,0,31.367
Mauritius,2019,24.51,3.526,0,3.514,0,31.55
Mauritius,2020,25.039,3.662,0,3.552,0,32.253
Mauritius,2021,21.693,3.463,0,2.702,0,27.858
Mexico,2010,146.775,591.311,511.281,17.92,793.841,2061.128
Mexico,2011,142.25,595.99,516.544,18.203,815.092,2088.079
Mexico,2012,140.799,609.733,518.965,19.192,824.126,2112.815
Mexico,2013,144.366,620.109,524.89,19.373,825.638,2134.376
Mexico,2014,148.521,619.663,540.357,20.018,832.467,2161.026
Mexico,2015,155.017,639.36,551.225,20.381,824.523,2190.506
Mexico,2016,151.292,630.867,562.184,15.483,857.565,2217.391
Mexico,2017,150.536,633.464,574.839,16.04,879.148,2254.027
Mexico,2018,150.912,651.624,584.637,14.976,854.147,2256.296
Mexico,2019,149.996,665.757,590.189,14.557,835.197,2255.696
Mexico,2020,124.683,549.719,519.528,12.323,740.56,1946.813
"Moldova, Republic Of",2010,1.6,0,0,1.3,0,2.9
"Moldova, Republic Of",2011,1.6,0,0,1.3,0,2.9
"Moldova, Republic Of",2012,1.6,0,0,1.5,0,3.1
"Moldova, Republic Of",2013,1.6,0,0,1.4,0,3
"Moldova, Republic Of",2014,1.6,0,0,1.5,0,3.1
"Moldova, Republic Of",2015,1.6,0,0,1.5,0,3.1
"Moldova, Republic Of",2016,1.6,0,0,1.5,0,3.1
"Moldova, Republic Of",2017,1.6,0,0,1.5,0,3.1
"Moldova, Republic Of",2018,1.7,0,0,1.5,0,3.2
"Moldova, Republic Of",2019,1.8,0,0,1.6,0,3.4
"Moldova, Republic Of",2020,1.1,0,0,1.4,0,2.5
"Moldova, Republic Of",2021,1.2,0,0,1.4,0,2.6
Monaco,2013,4.1,1.8,0,0,0,5.9
Monaco,2014,4,1.8,0,0,0,5.8
Monaco,2015,3.8,1.8,0,0,0,5.6
Monaco,2016,3.7,1.8,0,0,0,5.5
Monaco,2017,5.7,1.9,0,0,0,7.6
Monaco,2018,5.8,2,0,0,0,7.8
Monaco,2019,5.9,2,0,0,0,7.9
Monaco,2020,5.5,1.7,0,0,0,7.2
Monaco,2021,5.1,2.1,0,0,0,7.2
Mongolia,2010,3.647,3.365,0,0,0,7.012
Mongolia,2011,3.79,4.774,0,0,0,8.564
Mongolia,2012,4.141,5.45,0,0,0,9.591
Mongolia,2013,4.901,8.368,0,0,0,13.269
Mongolia,2014,4.63,7.696,0,0,0,12.326
Mongolia,2015,4.894,8.824,0,0,0,13.718
Mongolia,2016,4.795,9.151,0,0,0,13.946
Mongolia,2017,4.483,9.239,0,0,0,13.722
Mongolia,2018,5.272,10.95,0,0,0,16.222
Mongolia,2019,6.2,10.9,0,0,0,17.1
Mongolia,2020,4.4,8.3,0,0,0,12.7
Morocco,2010,127.526,103.654,39.445,22.084,140.291,433
Morocco,2011,135.478,110.118,41.904,23.461,149.039,460
Morocco,2012,121.25,78.57,31.04,21.34,232.8,485
Morocco,2013,125,81,32,22,240,500
Morocco,2014,128,82,34,22.3,238.7,505
Morocco,2015,128.5,82.3,34.1,22.4,239.7,507
Morocco,2016,130.5,83.6,34.6,22.7,243.6,515
Morocco,2017,135,86,36,23,252,532
Morocco,2018,140,88,36,24,260,548
Morocco,2019,145,90,38,25,267,565
Mozambique,2010,9,14.1,8.3,0.2,2.1,33.7
Mozambique,2011,12.6,17.1,10,0.2,2.1,42
Mozambique,2012,15.1,17.4,10,0.7,2.1,45.3
Mozambique,2016,21.5,21.1,0,1.3,0,43.9
Netherlands,2019,115.4,502.5,0,0,0,617.9
New Zealand,2010,30.3,97.7,22.9,6.42,1.9,159.22
New Zealand,2011,30.1,99.1,23.1,6.3,1.9,160.5
New Zealand,2012,28.9,101.2,23.2,6.2,1.9,161.4
New Zealand,2013,28.6,103.1,22.9,6.3,1.9,162.8
New Zealand,2014,29.6,106.3,14.78,6.5,2.2,159.38
New Zealand,2015,30.3,112.8,15.76,6.9,2,167.76
New Zealand,2016,31.6,119.5,11.3,7.3,2.2,171.9
New Zealand,2017,33,127.8,12.1,7.8,2.4,183.1
New Zealand,2018,34.4,130.7,12.2,8.2,0,185.5
New Zealand,2019,35,134.4,12.5,8.4,0,190.3
New Zealand,2020,34.9,136.5,12.6,8.4,0,192.4
New Zealand,2021,26.7,133.3,11,3.6,0,174.6
Nigeria,2014,194.2,416,47.4,42,95.9,795.5
Nigeria,2015,240.7,562,51.8,27.1,128.8,1010.4
Nigeria,2016,278.5,842.5,56.4,34.6,130,1342
Nigeria,2017,284,859.3,57.5,35.2,132.8,1368.8
Nigeria,2018,289.6,876.4,58.6,35.9,135.7,1396.2
Nigeria,2019,295.3,893.9,59.7,36.6,138.6,1424.1
Nigeria,2020,73.8,223.4,14.9,9.1,34,355.2
Nigeria,2021,76.3,230.2,15.4,9.4,35.1,366.4
Norway,2010,22.1,40.7,49.9,5,26.5,144.2
Norway,2011,22.8,41.8,49.3,5.1,32.5,151.5
Norway,2012,23.3,42.1,49.8,5.3,32.5,153
Norway,2013,23.4,43.8,50.1,5.3,31.3,153.9
Norway,2014,24.2,45.6,50.3,5.2,31.6,156.9
Norway,2015,25,46.8,50.6,5.5,31.3,159.2
Norway,2016,25.2,48.9,51.1,5.4,31.9,162.5
Norway,2017,22.5,47.1,50,5.2,40.2,165
Norway,2018,23.1,48.3,50.5,5.5,41.3,168.7
Norway,2019,23.2,49.2,42.2,5.6,42.2,162.4
Panama,2010,16.861,7.986,0,0,104.924,129.771
Panama,2011,16.961,7.854,0,0,105.895,130.71
Panama,2012,17.362,7.923,0,0,106.698,131.983
Panama,2013,17.944,8.179,0,0,106.91,133.033
Panama,2014,17.855,8.238,0,0,107.834,133.927
Panama,2015,18.153,8.223,0,0,108.453,134.829
Panama,2016,18.919,8.54,0,0,108.363,135.822
Panama,2017,19.483,8.799,0,0,109.795,138.077
Panama,2018,20.057,9,0,0,109.991,139.048
Panama,2019,20.624,9.97,0,0,110.024,140.618
Panama,2020,20.835,10.213,0,0,109.825,140.873
Panama,2021,20.2,9.704,0,0,111.549,141.453
Paraguay,2010,4.33,0,0,1.29,0,5.62
Paraguay,2011,5.3,0,0.2,2,0,7.5
Paraguay,2012,6.1,0,0.2,1.6,0,7.9
Paraguay,2013,6.9,0,0.4,1.7,0,9
Paraguay,2014,6.8,0,1.3,1.6,0,9.7
Paraguay,2015,7.4,0,1.3,1.9,0,10.6
Paraguay,2016,7.9,0,1.4,2,0,11.3
Paraguay,2017,8,0,1.4,2,0,11.4
Paraguay,2018,7.3,0,1.4,2.1,0,10.8
Paraguay,2019,8.4,0,1.4,2.4,0,12.2
Paraguay,2020,6.6,0,0.6,2.1,0,9.3
Philippines,2010,1045,0,1902,26,1153,4126
Philippines,2011,1116,0,1870,30,1250,4266
Philippines,2012,1579,0,1675,26,1281,4561
Philippines,2013,1601,0,1746,29,1333,4709
Philippines,2014,1694,0,1713,30,1382,4819
Philippines,2015,1743,0,1779,26,1423,4971
Philippines,2016,1756,0,1927,33,1508,5224
Philippines,2017,1740,0,1995,35,1499,5269
Philippines,2018,1729,0,2047,38,1551,5365
Philippines,2019,1933,0,2184,40,1562,5719
Philippines,2020,1468,0,1870,38,1305,4681
Philippines,2021,1416,0,1873,43,1563,4895
Poland,2010,39,0,0,19.3,0,58.3
Portugal,2011,56.435,230.39,45.7,9.769,0,342.294
Portugal,2012,54.1,216.3,44.9,9.6,0,324.9
Portugal,2013,54.9,212.4,43.5,9.675,0,320.475
Portugal,2014,59.1,216.2,43.6,10.2,0,329.1
Portugal,2015,69.7,223.8,58.6,15.4,5.4,372.9
Portugal,2016,80.3,237.5,48.5,16.6,6.9,389.8
Portugal,2017,93,253.5,50.4,18.2,8.5,423.6
Portugal,2018,107.6,267.5,54.6,19.8,10,459.5
Portugal,2019,115.8,283.4,0,21.2,11.1,431.5
Portugal,2020,103.5,262.3,0,18.9,10.6,395.3
Puerto Rico,2010,12.4,0,0,0,0,12.4
Puerto Rico,2011,13,0,0,0,0,13
Puerto Rico,2012,13.8,0,0,0,0,13.8
Puerto Rico,2013,14.8,0,0,0,0,14.8
Puerto Rico,2014,15.5,0,0,0,0,15.5
Puerto Rico,2015,15.3,0,0,0,0,15.3
Puerto Rico,2016,17.2,59.7,5.3,1,2.2,85.4
Puerto Rico,2017,16.4,58.4,5.3,0.9,1.9,82.9
Puerto Rico,2018,13.6,58,5,0.8,1.7,79.1
Puerto Rico,2019,14.6,62.4,5.1,0.7,1.7,84.5
Puerto Rico,2020,10.2,43.3,4.4,0.7,1.5,60.1
Reunion,2010,1.619,4.79,3.721,0.648,0,10.778
Reunion,2011,1.644,4.916,3.888,0.7,0,11.148
Reunion,2012,1.6,5.1,3.8,0.6,0,11.1
Reunion,2013,1.7,5.2,4,0.7,0,11.6
Reunion,2014,1.7,5.3,4,0.6,0,11.6
Reunion,2015,1.9,5.8,4,0.7,0,12.4
Reunion,2016,1.7,6.2,4.2,0.7,0,12.8
Reunion,2017,1.7,6.3,4.5,0.7,0,13.2
Reunion,2018,1.7,5.6,4.3,0.7,0,12.3
Reunion,2019,1.8,7.5,4.7,0.7,0,14.7
Romania,2010,35.1,93.2,202.2,8.6,29.6,368.7
Romania,2011,35.4,102,210.6,9.2,32.3,389.5
Romania,2014,50.035,111.812,131.894,0,55.634,349.375
Romania,2015,39.767,126.42,123.046,0,53.522,342.755
Romania,2016,45.282,144.122,125.039,0,57.253,371.696
Russian Federation,2010,143.066,0,0,48.312,0,191.378
Russian Federation,2011,150.515,0,0,47.452,0,197.967
Russian Federation,2012,153.65,0,0,48.662,0,202.312
Russian Federation,2013,154.9,0,0,50.144,0,205.044
Russian Federation,2014,166.1,0,0,45.5,0,211.6
Russian Federation,2015,478.5,0,0,48.4,0,526.9
Russian Federation,2016,0,0,0,40,0,40
Russian Federation,2017,0,0,0,47.2,0,47.2
Russian Federation,2018,0,0,0,66.7,0,66.7
Russian Federation,2019,0,0,0,61.3,0,61.3
San Marino,2010,0.085,0.539,0.049,0.166,0,0.839
San Marino,2011,0.119,0.529,0.056,0.165,0,0.869
San Marino,2012,0.139,0.523,0.053,0.175,0,0.89
San Marino,2013,0.14,0.559,0.049,0.182,0,0.93
San Marino,2014,0.129,0.574,0.048,0.193,0,0.944
San Marino,2015,0.111,0.63,0.05,0.203,0,0.994
San Marino,2016,0.7,0,0.2,0.1,0,1
San Marino,2017,0.7,0,0.2,0.1,0,1
San Marino,2018,0.7,0,0.2,0.1,0,1
San Marino,2019,0.7,0,0.2,0.1,0,1
San Marino,2020,0.146,0.73,0.075,0.219,0,1.17
Saudi Arabia,2010,83.906,306.275,159.982,11.928,67.218,629.309
Saudi Arabia,2011,97.675,314.704,133.906,12.488,70.573,629.346
Saudi Arabia,2012,103.798,348.73,145.396,13.83,86.36,698.114
Saudi Arabia,2013,110.236,376.202,146.407,35.278,128.947,797.07
Saudi Arabia,2014,115.1,392.8,152.8,36.8,134.6,832.1
Saudi Arabia,2015,105.171,268.188,79.565,15.23,9.067,477.221
Saudi Arabia,2016,108.251,283.07,84.74368138,24.092,17.12231862,517.279
Saudi Arabia,2017,115,289.5,88.3,25.1,18.1,536
Saudi Arabia,2018,118.9,298.5,90.9,25.6,18.6,552.5
Saudi Arabia,2019,124.6755865,306.5075729,94.30917448,26.32721057,19.2671277,571.0866722
Saudi Arabia,2020,94.7,455.2,50.9,14.8,67.7,683.3
Serbia,2010,15,55.3,74.7,6.5,0,151.5
Serbia,2011,14,44.8,65.8,6.1,0,130.7
Serbia,2012,11.8,45.8,61,4.9,0,123.5
Serbia,2013,8,49.4,66,2.7,0,126.1
Serbia,2014,9.6,54.9,66,2.2,0,132.7
Serbia,2015,12.9,70.3,61.2,6,0,150.4
Serbia,2016,12.2,71.9,59.9,5.9,0,149.9
Serbia,2017,13.9,75.6,62.2,3.8,0,155.5
Serbia,2018,15.4,82.3,59.5,3.3,0,160.5
Serbia,2019,15.7,84.5,53.2,4,0,157.4
Serbia,2020,13.1,75.1,52.2,3.8,0,144.2
Sierra Leone,2010,1.9,1.449,0,0.189,0.112,3.65
Sierra Leone,2011,2.587,1.686,0,0.26,0.154,4.687
Sierra Leone,2012,3.13,2,0.1,0.5,0.254,5.984
Sierra Leone,2013,6,3,0.2,0.7,0.5,10.4
Sierra Leone,2014,3.605,1.621,0,0.378,0.469,6.073
Sierra Leone,2015,1.7,0.6,0,0.5,0.6,3.4
Sierra Leone,2017,2.5,0.7,28,2.6,0.4,34.2
Sierra Leone,2018,4.1,1.3,26.6,4.2,0.9,37.1
Sierra Leone,2019,3.9,1.5,25.5,4.5,1.2,36.6
Sierra Leone,2020,4,5.1,23.4,3.1,1.5,37.1
Sierra Leone,2021,4.2,5.5,23.7,3.2,1.5,38.1
Slovakia,2010,10.9,39,22.1,2.8,19.9,94.7
Slovakia,2011,13.1,47.5,22.4,2.2,21.7,106.9
Slovakia,2012,12.2,56.3,22.6,2.3,21.7,115.1
Slovakia,2013,12.8,54.1,21,2.3,21.7,111.9
Slovakia,2014,14,59.2,22.2,2.3,24.5,122.2
Slovakia,2015,14.7,58.7,23.5,2.2,25.1,124.2
Slovakia,2016,15.4,58.9,23.9,2.7,25.9,126.8
Slovakia,2017,15.9,63,24.4,2.6,26.8,132.7
Slovakia,2018,16.3,65.2,25.3,2.8,26.9,136.5
Slovakia,2019,16.8,69,25.5,2.9,27.8,142
Slovenia,2010,9.177,21.758,6.097,1.783,10.601,49.416
Slovenia,2011,9.052,21.755,6.147,1.743,10.478,49.175
Slovenia,2012,8.899,20.996,6.183,1.847,10.281,48.206
Slovenia,2013,8.4,20.7,6.1,1.8,10.3,47.3
Slovenia,2014,8.3,21.7,6.4,1.8,10.7,48.9
Slovenia,2015,8.4,22.4,6.5,1.9,11.1,50.3
Slovenia,2016,8.6,24,6.7,1.9,11.6,52.8
Slovenia,2017,9.2,24.5,7.1,2.1,11.9,54.8
Slovenia,2018,9.5,25.3,7.5,2.3,12.2,56.8
Slovenia,2019,9.7,26.1,7.1,2.4,12.5,57.8
Slovenia,2020,8.1,22.6,6.4,1.7,11.9,50.7
Slovenia,2021,9.471,24.693,6.331,1.791,11.969,54.255
South Africa,2010,112.7,107.8,202.7,22.2,121.9,567.3
South Africa,2011,125.3,123.7,222.4,19.2,132.3,622.9
South Africa,2012,119.4,121.2,244,17.8,144,646.4
South Africa,2013,102.1,117.7,239.5,24.7,174.9,658.9
South Africa,2014,113.8,125.3,233,30.1,186.3,688.5
South Africa,2015,132.9,113.1,209.2,29.1,151.2,635.5
South Africa,2016,127.6,122.3,195.6,30.8,154.2,630.5
South Africa,2017,127.3,94.4,187,31,136.2,575.9
South Africa,2018,125.8,96.7,201.7,31.3,156.2,611.7
South Africa,2019,118.3,147.8,276.4,32.5,198.5,773.5
Spain,2010,294.438,1057.623,280.767,55.692,432.4,2120.92
Spain,2011,320.012,1040.288,273.173,53.719,432.971,2120.163
Spain,2012,282.136,1016.518,257.89,54.354,427.84,2038.738
Spain,2013,276.159,1019.399,257.342,55.724,437.89,2046.514
Spain,2014,281.373,1082.036,267.55,62.144,469.573,2162.676
Spain,2015,303.2,1160.8,264.9,74.7,477.6,2281.2
Spain,2016,354.7,1208.2,269,65.1,509.5,2406.5
Spain,2017,354.7,1234.6,278.9,65.5,529.3,2463
Spain,2018,361.4,1298.5,281.3,78.7,537.1,2557
Spain,2019,360.134,1307.576,317.596,70.119,570.425,2625.85
Spain,2020,276.2,1113.39,288.436,63.124,550.089,2291.239
Spain,2021,271.6,1144.2,265.4,66.3,573.8,2321.3
Sri Lanka,2010,33.132,0,5.53,7.961,8.4,55.023
Sri Lanka,2011,39.901,0,5.655,4.236,7.994,57.786
Sri Lanka,2012,47.7,0,5.7,6.4,8,67.8
Sri Lanka,2013,90.4,0,5.9,7,9.2,112.5
Sri Lanka,2014,105.001,0,5.936,9.092,9.761,129.79
Sri Lanka,2015,109.567,0,6.369,9.483,10.511,135.93
Sri Lanka,2016,118.258,0,7.154,9.734,10.969,146.115
Sri Lanka,2017,127.475,0,7.521,9.949,11.424,156.369
Sri Lanka,2018,136.782,0,8.267,11.256,12.698,169.003
Sri Lanka,2019,139.754,0,8.629,11.759,13.45,173.592
Sri Lanka,2020,141.668,0,8.752,11.926,13.644,175.99
State Of Palestine,2010,1.974,8.049,0.9,0.511,4.628,16.062
State Of Palestine,2011,2.7,8.777,0.9,0.807,2.801,15.985
State Of Palestine,2012,3.1,13.5,0.6,0.8,5.1,23.1
State Of Palestine,2013,2.9,13.6,0.3,0.9,3.5,21.2
State Of Palestine,2014,3.3,16.3,0.4,0.8,5.7,26.5
State Of Palestine,2015,3,14.1,0.5,0.8,3.3,21.7
State Of Palestine,2016,2.5,18.7,1.3,0.9,5.2,28.6
State Of Palestine,2017,3,20.8,1.2,1.1,7.9,34
State Of Palestine,2018,3,20.9,1.3,1.1,8.6,34.9
State Of Palestine,2019,2.9,26.2,0.8,1.5,10.2,41.6
State Of Palestine,2020,3.5,22.6,5,1.2,4,36.3
State Of Palestine,2021,4.1,27.3,4.9,0.9,3.6,40.8
Sweden,2015,31.5,23.1,14.6,10.5,56.3,136
Sweden,2016,33.3,23.3,14.7,9.7,57.4,138.4
Sweden,2017,34.4,25,13.8,10,50.1,133.3
Sweden,2018,35.3,25,14.3,9.8,48.8,133.2
Sweden,2019,35.8,24.9,13.5,9.8,51,135
Sweden,2020,30.2,21,12.4,9.4,50.4,123.4
Switzerland,2010,31.9,35.6,28.6,13.5,40.7,150.3
Switzerland,2011,29.8,36.5,30,13.4,41.1,150.8
Switzerland,2012,29.9,37.6,31,13.4,41.9,153.8
Switzerland,2013,31.1,35.7,31.6,13.4,42.8,154.6
Switzerland,2014,32.1,36.6,32,13.5,43.4,157.6
Switzerland,2015,31.4,41.4,31.8,13.2,43.8,161.6
Switzerland,2016,31.7,41.7,32.2,13,43.7,162.3
Switzerland,2017,32.1,43,32.7,14.1,44.2,166.1
Switzerland,2018,33,43.9,33.5,13.6,45,169
Switzerland,2019,32.2,44.2,34.7,13.4,45.6,170.1
Switzerland,2020,30,40,34.4,12.8,42.2,159.4
Taiwan Province Of China,2010,63.1,0,0,69.1,4.1,136.3
Taiwan Province Of China,2011,65.4,0,0,75.5,4.1,145
Taiwan Province Of China,2012,68,0,0,82.8,3.9,154.7
Taiwan Province Of China,2013,70.2,0,0,86.4,3.9,160.5
Taiwan Province Of China,2014,75.7,0,0,91.3,4.7,171.7
Taiwan Province Of China,2015,84.7,0,0,95.9,4.6,185.2
Taiwan Province Of China,2016,93.1,0,0,99.4,4.6,197.1
Taiwan Province Of China,2017,0,0,0,100.7,0,100.7
Taiwan Province Of China,2018,0,0,0,101.6,0,101.6
Taiwan Province Of China,2019,0,0,0,105.2,0,105.2
Taiwan Province Of China,2020,0,0,0,102.9,0,102.9
Taiwan Province Of China,2021,0,0,0,100.1,0,100.1
Tajikistan,2012,1,15,0.2,0.3,0.1,16.6
Tajikistan,2013,1.5,16.5,0.5,0.4,0.2,19.1
Tajikistan,2015,1.6,16.7,0.7,0.5,0.3,19.8
Tajikistan,2016,1.7,17,0.7,0.7,0.3,20.4
Tajikistan,2017,1.7,17.2,0.8,0.9,0.4,21
Tajikistan,2018,3.7,17.4,0.9,0.9,0.3,23.2
Thailand,2013,494.6,2083.3,695.8,68.2,727.5,4069.4
Thailand,2014,503.9,2100.9,700.4,64.5,719.8,4089.5
Thailand,2015,516.1,2129.4,716.7,70,735.9,4168.1
Thailand,2016,532.6,2198.3,718.8,70.8,737.2,4257.7
Togo,2010,1.8,0,0,0,0,1.8
Togo,2011,4.3,0,0,0,0,4.3
Togo,2012,4.3,0,0,0,0,4.3
Togo,2013,4.3,0,0,0,0,4.3
Togo,2014,4.3,0,0,0,0,4.3
Togo,2015,4.3,0,0,0,0,4.3
Togo,2016,4,0,0,0,0,4
Togo,2017,12,0,0,0,0,12
Togo,2018,12,0,0,0,0,12
Togo,2019,12,0,0,0,0,12
Türkiye,2012,230,676,165,29,0,1100
Türkiye,2013,260,743,193,32,0,1228
Türkiye,2014,250,767,192,39,0,1248
Türkiye,2015,287,840,204,37,0,1368
Türkiye,2016,252,841,228,42,82,1445
Türkiye,2017,278,864,252,36,88,1518
Türkiye,2018,331,905,264,37,109,1646
Türkiye,2019,352,918,263,41,100,1674
Türkiye,2020,280,732,234,32,77,1355
Türkiye,2021,293.2,747.9,237.7,45.1,113.1,1437
United Arab Emirates,2017,6.6,140.4,65.5,8.1,18.4,239
United Arab Emirates,2018,104.1,278.8,112.5,52.6,31.8,579.8
United Arab Emirates,2019,95.5,286.1,156,58.2,39.2,635
United Kingdom,2010,308.4183413,1414,222.8765321,92,517.5795764,2554.87445
United Kingdom,2011,343.191,1437,218.8872273,94,504.8597836,2597.938011
United Kingdom,2012,339.076,1452,220.9279623,99,525.5294755,2636.533438
United Kingdom,2013,346.483,1424,223.4882868,95,545.4149469,2634.386234
United Kingdom,2014,351.5,1604,226,93,548.4,2822.9
United Kingdom,2015,371.5,1420,224,105.4,592.3,2713.2
United Kingdom,2016,293.5,1396.3,232.9,100,635,2657.7
United States Of America,2010,1309.841737,1322.953195,947.8536054,175.0285431,1141.88263,4897.559711
United States Of America,2011,1342.867944,1393.164821,989.5379476,176.6414675,1187.160056,5089.372236
United States Of America,2012,1374.400309,1476.041661,1005.044686,180.7588101,1195.860459,5232.105925
United States Of America,2013,1400.241036,1563.613082,1028.560907,181.4354943,1268.991504,5442.842023
United States Of America,2014,1430.31469,1640.855734,1035.778152,178.216587,1272.424854,5557.590017
United States Of America,2015,1460.091656,1662.327224,1087.139554,184.0727958,1280.901808,5674.533038
United States Of America,2016,1480.956909,1683.640001,1115.826531,196.0930021,1299.379875,5775.896318
United States Of America,2017,1512.714333,1652.130977,1159.716201,198.333437,1298.746546,5821.641494
United States Of America,2018,1537,1776,795,204,1775,6087
United States Of America,2019,1565,1701,818,203,1768,6055
United States Of America,2020,1083,878,611,156,1144,3872
United States Virgin Islands,2010,3.592,2.803,0.443,0,1.478,8.316
United States Virgin Islands,2011,3.549,2.959,0.493,0,1.468,8.469
United States Virgin Islands,2012,3.605,2.787,0.459,0,1.442,8.293
United States Virgin Islands,2013,3.605,2.765,0.576,0,1.257,8.203
United States Virgin Islands,2014,3.575,2.809,0.563,0,1.224,8.171
United States Virgin Islands,2015,3.629,2.765,0.539,0,1.226,8.159
United States Virgin Islands,2016,3.617,3.17,0.508,0,1.135,8.43
United States Virgin Islands,2017,3.329,2.765,0.517,0,0.721,7.332
United States Virgin Islands,2018,1.559,2.42,0.388,0,0.726,5.093
Uruguay,2010,12.2,37.7,34.1,2.6,40,126.6
Uruguay,2011,11.9,41,38.5,2.7,45.7,139.8
Uruguay,2012,9.8,38.5,23.2,3.8,14.2,89.5
Uruguay,2013,13.1,38,23.7,3.4,14.2,92.4
Uruguay,2014,11.9,42.1,19.3,3.5,22.5,99.3
Uruguay,2015,11.9,44.7,19.4,3,20.4,99.4
Uruguay,2016,13.3,44.8,26.7,3.5,15.2,103.5
Uruguay,2017,12.75,48.85,23.81,4.17,14.1,103.68
Uruguay,2018,12.15,49.1,25.3,3.8,15.2,105.55
Uruguay,2019,11.1,50.9,26.8,4.2,23.5,116.5
Uzbekistan,2014,40.6,0,0,1.7,0,42.3
Uzbekistan,2015,40.7,0,0,1.8,0,42.5
Uzbekistan,2016,43.3,0,0,2,0,45.3
Uzbekistan,2017,47.7,0,0,1.9,0,49.6
Uzbekistan,2018,47.6,0,0,2.4,0,50
Uzbekistan,2019,48.3,0,0,2.9,0,51.2
Zambia,2012,44.292,0,0,0,0,44.292
Zambia,2013,57.337,0,0,0,0,57.337
Zambia,2014,57.003,0,0,0,0,57.003
Zambia,2015,57.347,0,0,0,0,57.347
Zambia,2016,58.801,0,0,0,0,58.801
Zambia,2017,57.347,0,0,0,0,57.347
Zambia,2018,57.899,0,0,0,0,57.899
Zambia,2019,58.124,0,0,0,0,58.124
Zambia,2020,72.136,0,0,0,19.967,92.103
